filename,frame_index,marker_count,charuco_count,blur,mean_brightness,overexposed_ratio,underexposed_ratio,center_x,center_y,min_x,max_x,min_y,max_y,coverage_area,detected,quality_score,grid_x,grid_y
frame_000004.jpg,4,12,14,93.2459879121643,130.474375,0.10895785108024691,6.26929012345679e-06,0.7537211179733276,0.37031540274620056,0.5292530059814453,0.8625045418739319,0.11610013246536255,0.5718536376953125,0.15188055560626523,1,190.915264408684,3,1
frame_000012.jpg,12,12,13,100.66478449755009,130.50225356867284,0.10950135030864197,5.787037037037037e-06,0.7713861465454102,0.3237455189228058,0.6232373118400574,0.8624555468559265,0.11051801592111588,0.5720351338386536,0.11040331037784412,1,180.42258825569525,3,0
frame_000017.jpg,17,14,15,131.39592475064242,130.47557725694443,0.10997781635802469,9.645061728395062e-06,0.7193559408187866,0.3227762281894684,0.4535650908946991,0.8624060153961182,0.11603845655918121,0.5720096230506897,0.1864196732543788,1,223.34214806495663,3,0
frame_000022.jpg,22,14,16,109.64098803766662,130.50188368055555,0.11007474922839507,4.822530864197531e-06,0.7179989218711853,0.30891942977905273,0.45360442996025085,0.8624653220176697,0.11027202010154724,0.5719879865646362,0.18877760192525184,1,222.69077928851897,3,0
frame_000031.jpg,31,12,13,121.27325728989149,130.43657600308643,0.11004822530864197,4.822530864197531e-06,0.7714013457298279,0.3237300217151642,0.6233350038528442,0.8624632358551025,0.11043255776166916,0.5719775557518005,0.11036843935886598,1,190.66865004996814,3,0
frame_000036.jpg,36,13,14,112.06964045246033,130.4721344521605,0.11023533950617284,2.4112654320987654e-06,0.748683512210846,0.3276332914829254,0.4535510838031769,0.8624363541603088,0.11048265546560287,0.5721561908721924,0.18877150834145628,1,203.8884371097585,3,0
frame_000044.jpg,44,12,14,121.57507943809566,130.37290605709876,0.11012490354938272,4.822530864197531e-06,0.7261320948600769,0.38641485571861267,0.4535391926765442,0.862464189529419,0.11607115715742111,0.5721131563186646,0.18648697307179019,1,208.42374667128857,3,1
frame_000050.jpg,50,11,13,130.00597000764213,130.2672014853395,0.11009403935185186,1.3020833333333334e-05,0.7709781527519226,0.35746029019355774,0.6182224154472351,0.8623862862586975,0.11595778912305832,0.5722132325172424,0.11140109513792407,1,195.13369058242827,3,1
frame_000055.jpg,55,12,13,114.48085331029323,130.29099537037038,0.11016010802469135,4.822530864197531e-06,0.7328730821609497,0.40881970524787903,0.4536339044570923,0.8624617457389832,0.1535205990076065,0.5720479488372803,0.17110563294829628,1,193.3349791475071,3,1
frame_000062.jpg,62,10,10,153.84814796031478,130.27321952160494,0.10998215663580246,7.2337962962962966e-06,0.766999363899231,0.3983544707298279,0.4535331726074219,0.8624100089073181,0.15343023836612701,0.5721167325973511,0.17119120916275765,1,183.0449792328529,3,1
frame_000067.jpg,67,12,14,117.527152653192,130.42098138503087,0.11007233796296297,3.858024691358025e-06,0.7261303663253784,0.3863789737224579,0.4535558521747589,0.8624158501625061,0.1162184551358223,0.5721196532249451,0.18639976293333027,1,206.39631882363273,3,1
frame_000074.jpg,74,13,14,123.6104973410252,130.42175347222224,0.10996720679012345,6.751543209876544e-06,0.7486684918403625,0.32766246795654297,0.453570157289505,0.8623988032341003,0.11044595390558243,0.5721170902252197,0.18874438553326,1,209.68296654482623,3,0
frame_000079.jpg,79,12,13,110.7554373763331,130.55601851851853,0.11001880787037037,4.822530864197531e-06,0.758308470249176,0.34436944127082825,0.4535399377346039,0.8623906970024109,0.11623503267765045,0.5721771121025085,0.186412265354996,1,193.0170644366291,3,1
frame_000086.jpg,86,13,14,114.39279979824909,130.5811082175926,0.11001494984567901,7.2337962962962966e-06,0.7486787438392639,0.3276713192462921,0.4535633325576782,0.8624128699302673,0.11040987074375153,0.5721250176429749,0.18877202420766448,1,205.0721073353231,3,0
frame_000093.jpg,93,12,14,108.82806496038006,130.7183420138889,0.11013985339506173,5.787037037037037e-06,0.7382339239120483,0.3673790395259857,0.5291619896888733,0.862386167049408,0.11047455668449402,0.5722335577011108,0.15386926325258443,1,198.7869734659423,3,1
frame_000098.jpg,98,13,15,114.22319531236603,130.49340808256173,0.10991319444444445,4.822530864197531e-06,0.7098420858383179,0.3193526268005371,0.45354506373405457,0.8624501824378967,0.1103815883398056,0.5721693634986877,0.18882738501732588,1,215.00301671347114,3,0
frame_000106.jpg,106,12,13,116.2552314975231,130.6019352816358,0.10979359567901234,3.375771604938272e-06,0.7713658213615417,0.3238123655319214,0.6232998371124268,0.8623939156532288,0.11045022308826447,0.5722218751907349,0.11040686765570396,1,188.1889429464307,3,0
frame_000114.jpg,114,12,14,106.65208806721299,130.7018605324074,0.1099951774691358,2.8935185185185184e-06,0.7537139058113098,0.37043890357017517,0.5292804837226868,0.8623641133308411,0.11628405749797821,0.5723159313201904,0.1518967517497103,1,197.51620146166394,3,1
frame_000123.jpg,123,13,15,115.42532384650718,130.68631847993828,0.11005449459876543,3.375771604938272e-06,0.7336731553077698,0.3709797263145447,0.45357856154441833,0.86240553855896,0.11628593504428864,0.5723139643669128,0.1864365606618672,1,215.35086852956377,3,1
frame_000129.jpg,129,16,19,108.76475267084486,130.78758439429012,0.11012779706790124,3.375771604938272e-06,0.6897656321525574,0.3239598274230957,0.4536089301109314,0.8624023795127869,0.11053724586963654,0.5723708868026733,0.18879456712683407,1,252.2490533413157,3,0
frame_000135.jpg,135,12,13,123.35066721491326,130.84490162037036,0.11023244598765432,3.858024691358025e-06,0.77137690782547,0.3238767981529236,0.6233211159706116,0.8623615503311157,0.11060348898172379,0.5722631812095642,0.11035533335687964,1,191.68762234437915,3,0
frame_000140.jpg,140,11,12,125.55354589139881,130.83148196373457,0.11018952546296296,2.8935185185185184e-06,0.783715009689331,0.3416924774646759,0.7022649049758911,0.8623860478401184,0.11638419330120087,0.5722654461860657,0.07299622722230037,1,179.05744312163313,3,1
frame_000146.jpg,146,12,14,119.1554007909674,130.74146894290124,0.11011043595679013,1.4467592592592592e-06,0.7537029981613159,0.3704858720302582,0.529177725315094,0.8624094724655151,0.11643493175506592,0.5722514390945435,0.15189253112073686,1,203.75590991187838,3,1
frame_000151.jpg,151,13,14,126.84991499442594,130.7684162808642,0.11000289351851852,4.822530864197531e-06,0.7267140746116638,0.34765633940696716,0.4615577757358551,0.8624303936958313,0.11058129370212555,0.5722942352294922,0.18508807561607687,1,210.9334757069688,3,1
frame_000157.jpg,157,14,16,116.52295750216656,130.80411506558642,0.11010464891975309,3.858024691358025e-06,0.7179655432701111,0.3089868128299713,0.4535670578479767,0.8624431490898132,0.110551618039608,0.5722474455833435,0.18877638530874763,1,226.1286523899827,3,0
frame_000165.jpg,165,13,15,119.23147266625136,130.76200569058642,0.10983989197530865,1.9290123456790124e-06,0.7356110215187073,0.3044604957103729,0.46161195635795593,0.8624290227890015,0.11065751314163208,0.5722514390945435,0.1850147232828352,1,217.13321946387833,3,0
frame_000170.jpg,170,13,14,121.10041008516582,130.64605275848766,0.10979263117283951,1.4467592592592592e-06,0.7486754655838013,0.32772693037986755,0.4535464644432068,0.8624564409255981,0.11065038293600082,0.5721452832221985,0.18870986882277263,1,208.44192880757623,3,0
frame_000179.jpg,179,13,15,115.69763403625814,130.46933400848766,0.10969762731481482,4.822530864197531e-06,0.709843099117279,0.3194255828857422,0.4535137712955475,0.8623479604721069,0.11061054468154907,0.5722795128822327,0.18874605828230528,1,215.7536601148781,3,0
frame_000185.jpg,185,12,13,126.69587243183275,130.42226321373457,0.10975549768518518,2.4112654320987654e-06,0.7583197355270386,0.3443877696990967,0.4536188542842865,0.8623831272125244,0.11625760048627853,0.5722594857215881,0.18639727907211712,1,201.0121143546096,3,1
frame_000191.jpg,191,13,15,120.33344664436599,130.3730680941358,0.10968798225308642,3.375771604938272e-06,0.7450113892555237,0.3531191647052765,0.5292372703552246,0.8624230027198792,0.1105005070567131,0.5721891522407532,0.15382806937008953,1,214.58073203388332,3,1
frame_000196.jpg,196,14,16,126.88490216770506,130.4347617669753,0.10978153935185185,1.4467592592592592e-06,0.7179791927337646,0.3089865744113922,0.45350489020347595,0.8623787760734558,0.11039914935827255,0.5722176432609558,0.1888255221686117,1,231.3468493655285,3,0
frame_000201.jpg,201,14,16,116.82844706628535,130.40667341820986,0.10984423225308641,5.304783950617284e-06,0.7167034149169922,0.36290350556373596,0.45352333784103394,0.8623806834220886,0.11612330377101898,0.5722252130508423,0.18648061594259957,1,226.07786190209399,3,1
frame_000206.jpg,206,12,13,122.83344637626155,130.27739486882717,0.10971691743827161,4.340277777777778e-06,0.7583237886428833,0.34439322352409363,0.4535238444805145,0.8624080419540405,0.1161898747086525,0.5722124576568604,0.1864604278585824,1,199.09107423016187,3,1
frame_000211.jpg,211,13,14,120.79087610229784,130.26464457947532,0.10942708333333333,3.858024691358025e-06,0.7134788036346436,0.39701351523399353,0.45353764295578003,0.8624140024185181,0.15369194746017456,0.5722782611846924,0.17115004807660839,1,206.56773452547642,3,1
frame_000217.jpg,217,14,16,109.95766617108372,130.1802237654321,0.10936535493827161,1.9290123456790124e-06,0.7268027067184448,0.3546393811702728,0.45355382561683655,0.8624042868614197,0.11048659682273865,0.5722793936729431,0.18880419799163217,1,222.9227173908779,3,1
frame_000222.jpg,222,13,14,108.5690847740121,130.1374074074074,0.10943335262345678,2.4112654320987654e-06,0.7486738562583923,0.3277300298213959,0.4535372853279114,0.8624092936515808,0.11055074632167816,0.5721638202667236,0.18874066461237327,1,202.2152735858977,3,0
frame_000231.jpg,231,13,15,112.97776218250834,130.14532503858024,0.10946325231481481,4.822530864197531e-06,0.719271719455719,0.3680261969566345,0.45358479022979736,0.8624240159988403,0.11041254550218582,0.5722213387489319,0.1888055494843357,1,214.42311080820627,3,1
frame_000236.jpg,236,11,12,119.61119657688849,130.07010802469136,0.10939766589506172,1.4467592592592592e-06,0.7294700741767883,0.4207592010498047,0.453609824180603,0.8624085783958435,0.13232028484344482,0.5722471475601196,0.17984155342439578,1,186.84998704137763,3,1
frame_000241.jpg,241,14,16,129.14781511077882,130.14836033950618,0.10953993055555555,6.751543209876544e-06,0.7268046736717224,0.3545849323272705,0.453514963388443,0.8625024557113647,0.11055972427129745,0.5719826221466064,0.18871619390239824,1,232.4915338900737,3,1
frame_000247.jpg,247,11,11,117.16923469951593,130.2008907214506,0.10964072145061729,5.787037037037037e-06,0.7827893495559692,0.38971683382987976,0.6181154847145081,0.8624349236488342,0.13235768675804138,0.572088897228241,0.10743488262399126,1,168.36403346709537,3,1
frame_000253.jpg,253,12,13,114.01892547342271,130.22374469521606,0.10958622685185185,3.858024691358025e-06,0.7416403293609619,0.341031551361084,0.4535997807979584,0.862399697303772,0.11049157381057739,0.5721110105514526,0.1887099871971305,1,194.9218387712392,3,1
frame_000259.jpg,259,13,14,114.78555655801313,130.2248230131173,0.10945939429012345,2.4112654320987654e-06,0.7551969885826111,0.3086796700954437,0.5447604060173035,0.8624353408813477,0.11041411012411118,0.5721392035484314,0.14667848897866564,1,201.11468774786078,3,0
frame_000267.jpg,267,13,14,108.82373735088015,130.31387635030865,0.10951967592592593,9.645061728395062e-07,0.7551852464675903,0.3087088465690613,0.5446659922599792,0.8624732494354248,0.11038316786289215,0.5720558762550354,0.14672293716686635,1,198.13219479953412,3,0
frame_000273.jpg,273,11,12,119.31437602096788,130.29964699074074,0.10960985725308642,4.822530864197531e-06,0.7294582724571228,0.4207374155521393,0.4535905718803406,0.8624178171157837,0.13245855271816254,0.5721171498298645,0.17974441310125666,1,186.67064359530096,3,1
frame_000280.jpg,280,12,14,112.44946801170252,130.2815094521605,0.10959346064814815,1.9290123456790124e-06,0.7261179685592651,0.386405348777771,0.45363104343414307,0.8624170422554016,0.11626198142766953,0.5721232295036316,0.18634969561863768,1,203.90035750290022,3,1
frame_000287.jpg,287,13,14,153.06653644173704,130.1918282214506,0.10964409722222222,3.858024691358025e-06,0.7135012745857239,0.3969741761684418,0.4535121023654938,0.86240154504776,0.15372446179389954,0.5720657706260681,0.17105534461935523,1,222.67439296058183,3,1
frame_000293.jpg,293,11,12,125.40012155221393,130.07284577546295,0.10953173225308642,2.4112654320987654e-06,0.7239423990249634,0.4300839602947235,0.45353612303733826,0.8624138236045837,0.24450236558914185,0.5721360445022583,0.13396210526238228,1,185.14309807703657,3,1
frame_000300.jpg,300,14,15,119.29383035585217,129.9712104552469,0.10933449074074074,4.340277777777778e-06,0.706658124923706,0.37059223651885986,0.45357292890548706,0.8623714447021484,0.11333372443914413,0.5721380114555359,0.18755851157344638,1,217.46931726119664,3,1
frame_000309.jpg,309,13,17,97.7790947351338,129.7419738618827,0.10942563657407407,2.8935185185185184e-06,0.6896886229515076,0.36798933148384094,0.5291702151298523,0.8623392581939697,0.11077407002449036,0.5728316903114319,0.15394329519148364,1,223.34131322930784,3,1
frame_000316.jpg,316,14,16,120.38038621827846,129.42382330246915,0.10942226080246914,4.340277777777778e-06,0.7177532315254211,0.311679869890213,0.45335856080055237,0.8621318340301514,0.11326055973768234,0.5747489333152771,0.1886441130247174,1,228.11237833136406,3,0
frame_000323.jpg,323,12,14,118.27138947025296,129.3229480131173,0.10933352623456791,5.787037037037037e-06,0.7533630728721619,0.37503761053085327,0.5287014245986938,0.8620059490203857,0.12087316066026688,0.5765457153320312,0.15187772412688982,1,203.3901145243587,3,1
frame_000332.jpg,332,13,15,163.81425051931143,128.93264322916667,0.10642650462962963,4.340277777777778e-06,0.736903190612793,0.3928074836730957,0.5052947402000427,0.910063624382019,0.12520621716976166,0.5947364568710327,0.19005123121357936,1,240.2695979180507,3,1
frame_000338.jpg,338,14,18,125.53417921815699,127.85790364583333,0.09954523533950617,2.8935185185185184e-06,0.7862815856933594,0.30921557545661926,0.6085035800933838,0.9307817220687866,0.10867219418287277,0.5811687111854553,0.15227529958944164,1,248.04009603407204,3,0
frame_000784.jpg,784,11,10,80.70004357006955,142.36735194830246,0.10361255787037037,0.0,0.5307369828224182,0.34043148159980774,0.28972724080085754,0.6359272003173828,0.1063220277428627,0.5455475449562073,0.15205985627788476,1,145.1947516257862,2,1
frame_001011.jpg,1011,8,8,79.3165905735448,151.82559220679013,0.1154224537037037,9.645061728395062e-07,0.7693023085594177,0.36010730266571045,0.7031995058059692,0.8155966997146606,0.10889821499586105,0.5789175033569336,0.05282884909474461,1,113.3989348258765,3,1
frame_001023.jpg,1023,9,8,83.18419764486325,149.20265769675925,0.11292197145061729,4.822530864197531e-07,0.7416244745254517,0.46806344389915466,0.6274312734603882,0.8155345916748047,0.10978105664253235,0.5792186856269836,0.08830277570668343,1,119.13017924803823,3,1
frame_001032.jpg,1032,10,9,81.39869159609157,147.58688175154322,0.11120707947530864,0.0,0.7513214349746704,0.39937859773635864,0.5450212955474854,0.8155134916305542,0.10994122177362442,0.5793158411979675,0.12696217159374523,1,132.27485500988945,3,1
frame_001051.jpg,1051,11,10,102.86572189710117,148.3913671875,0.1109693287037037,2.4112654320987654e-06,0.7387692332267761,0.41405045986175537,0.5451157689094543,0.8155340552330017,0.20705048739910126,0.579153299331665,0.10062340473897713,1,150.3982685520779,3,1
frame_001062.jpg,1062,9,8,87.36759481318572,149.04448447145063,0.11110243055555556,4.822530864197531e-07,0.7529351711273193,0.43559205532073975,0.5451423525810242,0.8155568242073059,0.2071734219789505,0.5793697237968445,0.10064726629734189,1,122.63828098077148,3,1
frame_001067.jpg,1067,10,10,101.54931655518449,149.2209413580247,0.1109987461419753,4.822530864197531e-07,0.768397331237793,0.41586410999298096,0.7032359838485718,0.8156129717826843,0.20714303851127625,0.5792362689971924,0.04181471647268076,1,143.8562553106628,3,1
frame_001082.jpg,1082,10,9,107.39783762425459,149.6845953896605,0.11116174768518519,1.9290123456790124e-06,0.7133585810661316,0.43826431035995483,0.46084800362586975,0.8156518340110779,0.18180698156356812,0.5790706276893616,0.14095066331822537,1,146.6778103754313,3,1
frame_001095.jpg,1095,11,8,96.45704603468494,149.94181761188273,0.11123456790123457,2.4112654320987654e-06,0.7294554114341736,0.4016823172569275,0.5451117157936096,0.8155089020729065,0.11029200255870819,0.5795580744743347,0.1268882254623236,1,129.79388877345136,3,1
frame_001105.jpg,1105,9,9,88.63567306916036,150.11119116512344,0.11135127314814815,0.0,0.7633401155471802,0.37807735800743103,0.6921015977859497,0.8155859708786011,0.18148967623710632,0.5793229341506958,0.04912619044886668,1,128.09532826465204,3,1
frame_001114.jpg,1114,9,8,86.27865047754125,150.13197627314815,0.11124131944444444,0.0,0.7448800802230835,0.44338253140449524,0.6921020746231079,0.8155969381332397,0.18155765533447266,0.5794563293457031,0.04913844243787935,1,116.92903753811412,3,1
frame_001121.jpg,1121,10,10,87.83460848605775,150.13162519290123,0.11122636959876543,1.4467592592592592e-06,0.74842768907547,0.3796837031841278,0.6921340823173523,0.8156611919403076,0.11017891764640808,0.5793346762657166,0.057953454825208084,1,138.59001276567315,3,1
frame_001127.jpg,1127,9,9,107.60385387103338,150.13861304012346,0.11123022762345679,9.645061728395062e-07,0.7155162692070007,0.5001271367073059,0.545107901096344,0.8156487941741943,0.3003354072570801,0.5795367956161499,0.07553539295523848,1,140.23244346869487,3,1
frame_001136.jpg,1136,12,12,91.65781885582194,150.02879340277778,0.11123794367283951,1.9290123456790124e-06,0.7213903665542603,0.4111082851886749,0.5450308918952942,0.8155860304832458,0.1101587638258934,0.5796754360198975,0.12703014831480264,1,167.40812989210727,3,1
frame_001144.jpg,1144,9,8,94.31892522522634,150.10147858796296,0.1112818287037037,4.822530864197531e-07,0.7174962162971497,0.5251480937004089,0.5450982451438904,0.8156253695487976,0.4315733015537262,0.5797185301780701,0.0400773026940513,1,120.03901001164793,3,1
frame_001151.jpg,1151,9,8,93.27172669014055,150.14786313657407,0.11123794367283951,1.4467592592592592e-06,0.7449102401733398,0.44335174560546875,0.6921539902687073,0.8157373666763306,0.18175390362739563,0.5792977213859558,0.04912980726857974,1,120.4250497046443,3,1
frame_001158.jpg,1158,9,8,86.29901907911889,149.83819347993827,0.11121913580246913,4.822530864197531e-07,0.7596228122711182,0.34860092401504517,0.6921833753585815,0.8155927658081055,0.10988268256187439,0.5796220302581787,0.0579702465693579,1,117.82462061624832,3,1
frame_001168.jpg,1168,10,8,82.69303963316243,150.06579861111112,0.11130545910493828,4.822530864197531e-07,0.7449033260345459,0.4433189630508423,0.6922181844711304,0.815635621547699,0.18169011175632477,0.5794369578361511,0.04908889634846059,1,115.12486354093345,3,1
frame_001177.jpg,1177,11,10,87.24135480258188,149.81808690200617,0.11124710648148148,1.9290123456790124e-06,0.7132206559181213,0.46824175119400024,0.5450413823127747,0.8156166076660156,0.18223285675048828,0.5793452858924866,0.10744878500566912,1,143.24084525370972,3,1
frame_001186.jpg,1186,10,10,96.65212756086227,149.4461188271605,0.11115451388888889,2.4112654320987654e-06,0.7561244964599609,0.4526214003562927,0.6275659203529358,0.8156389594078064,0.23148822784423828,0.5795738697052002,0.06546552451615639,1,143.75716484315788,3,1
frame_001198.jpg,1198,10,9,88.0918994478165,148.95970727237653,0.11123167438271606,4.822530864197531e-07,0.7251352071762085,0.4824119806289673,0.545116662979126,0.8155857920646667,0.13971777260303497,0.5796778798103333,0.11899562702873911,1,134.82234498851057,3,1
frame_001212.jpg,1212,10,10,83.09925028714687,148.18967833719137,0.1110570987654321,2.8935185185185184e-06,0.7077369689941406,0.43312883377075195,0.5506649613380432,0.8156068325042725,0.26526081562042236,0.5795503258705139,0.08326845093357704,1,138.77076036038792,3,1
frame_001221.jpg,1221,11,9,88.71455012031001,147.68825472608026,0.11093846450617284,0.0,0.7281389832496643,0.41258570551872253,0.4608560800552368,0.8156029582023621,0.10980386286973953,0.5794729590415955,0.16661364562914782,1,139.92479317245252,3,1
frame_001229.jpg,1229,11,10,91.2954680850182,147.29199025848766,0.11078173225308642,1.4467592592592592e-06,0.7264716625213623,0.4450789988040924,0.5450325608253479,0.8156112432479858,0.1099679246544838,0.5795915722846985,0.12707014781029669,1,147.27657559823015,3,1
frame_001234.jpg,1234,10,9,95.78473356761307,147.13410638503086,0.11077932098765432,9.645061728395062e-07,0.7442401647567749,0.40619874000549316,0.6922468543052673,0.8156145215034485,0.11002558469772339,0.5792784690856934,0.057890633672961656,1,132.60349805233727,3,1
frame_001266.jpg,1266,8,9,77.84151068772472,145.7254089506173,0.10909047067901234,1.4467592592592592e-06,0.7672201991081238,0.3146092891693115,0.6988415122032166,0.8226842284202576,0.09977652132511139,0.567655622959137,0.05794341880754672,1,123.8060501567158,3,0
frame_002234.jpg,2234,10,9,77.65687281719987,149.51237750771605,0.10348572530864197,0.0,0.7501102685928345,0.2851913869380951,0.44995763897895813,0.8685155510902405,0.12130714952945709,0.47732028365135193,0.14901211410225423,1,133.38107528796115,3,0
frame_002247.jpg,2247,9,8,74.63697439832208,149.1446981095679,0.10662953317901235,0.0,0.7204915285110474,0.2718873620033264,0.46111953258514404,0.876076340675354,0.1551515758037567,0.500472366809845,0.14329321320307287,1,120.98485520156709,3,0
frame_002252.jpg,2252,8,8,118.9901313569878,149.3936400462963,0.10688657407407408,0.0,0.756851315498352,0.30911022424697876,0.46746060252189636,0.8598142266273499,0.1436501145362854,0.4835348129272461,0.13335499319168242,1,142.14190759025473,3,0
frame_002258.jpg,2258,8,8,91.24694345787594,149.32706838348764,0.10191840277777778,0.0,0.7670167684555054,0.28702735900878906,0.4785213768482208,0.8683915734291077,0.1195191815495491,0.46500319242477417,0.13469391923547724,1,128.90102337470793,3,0
frame_002269.jpg,2269,9,8,84.5860620844251,149.70510754243827,0.10861738040123457,0.0,0.7969496250152588,0.3161322772502899,0.7219218611717224,0.8732253313064575,0.14366155862808228,0.48244476318359375,0.051259074472614685,1,116.55720044935056,3,0
frame_002274.jpg,2274,10,11,77.18849759685376,149.5846412037037,0.11131847993827161,0.0,0.7294864654541016,0.2936092019081116,0.45130857825279236,0.8733371496200562,0.14463169872760773,0.4840693175792694,0.1432523733522726,1,151.78763813982698,3,0
frame_002284.jpg,2284,10,10,80.06454909738204,149.3621879822531,0.10197820216049383,0.0,0.7117036581039429,0.29740598797798157,0.4673054814338684,0.87000572681427,0.18747255206108093,0.41720858216285706,0.09251475569470458,1,139.0859299021121,3,0
frame_002587.jpg,2587,9,9,78.19465930959443,154.3265702160494,0.10641734182098765,0.0,0.7201321125030518,0.26561152935028076,0.46007558703422546,0.9280180335044861,0.16686825454235077,0.3717016577720642,0.09585024382614149,1,128.0406198553126,3,0
frame_002597.jpg,2597,9,9,115.66039194884031,154.35594184027778,0.1177734375,0.0,0.72371906042099,0.2877396047115326,0.44109755754470825,0.9439401626586914,0.17792628705501556,0.4089714586734772,0.11617935599563456,1,147.6707878239836,3,0
frame_002607.jpg,2607,9,8,73.64896405454803,154.20270495756174,0.1301591435185185,0.0,0.8327325582504272,0.3478291630744934,0.6751416921615601,0.954430878162384,0.1938009113073349,0.4891119599342346,0.08247718238805657,1,112.05628591422783,4,1
frame_002612.jpg,2612,9,9,123.77605213373526,153.53888358410495,0.1380690586419753,0.0,0.7173388004302979,0.3421473801136017,0.401252806186676,0.9572953581809998,0.2149209976196289,0.48445162177085876,0.14987049609367276,1,153.0681698120374,3,1
frame_002619.jpg,2619,10,10,78.20865835690923,153.1594883294753,0.14830632716049383,0.0,0.7225279211997986,0.3983173668384552,0.3757874667644501,0.9546911120414734,0.2450934499502182,0.5553761124610901,0.17962376439380412,1,142.23607290178563,3,1
frame_002640.jpg,2640,9,9,99.39456403664587,149.47541666666666,0.14623360339506172,0.0,0.7053406238555908,0.38690289855003357,0.3586030602455139,0.9653758406639099,0.25650647282600403,0.5269419550895691,0.1640928894968532,1,141.4832106285021,3,1
frame_002645.jpg,2645,9,9,108.53170478847174,148.75762683256173,0.1427782600308642,4.822530864197531e-07,0.7085009217262268,0.3855203092098236,0.3636203706264496,0.9676610827445984,0.2597772777080536,0.5225859880447388,0.1587471605426236,1,145.8627424454118,3,1
frame_002654.jpg,2654,9,9,91.46064717396344,145.56824508101852,0.1339520640432099,0.0,0.7063694000244141,0.3839932978153229,0.3630225956439972,0.9655752778053284,0.2601166367530823,0.5162857174873352,0.1543553666832267,1,137.7706538509834,3,1
frame_002659.jpg,2659,10,9,90.6752299946682,143.91578221450618,0.13448302469135803,0.0,0.7046324610710144,0.39682066440582275,0.36332330107688904,0.9625281691551208,0.2689902186393738,0.5342001914978027,0.15891510679966636,1,137.78082320816495,3,1
frame_002670.jpg,2670,9,9,88.0825721346092,144.93094280478394,0.1095630787037037,0.0,0.7074748277664185,0.2879379987716675,0.3730939030647278,0.9592593908309937,0.16780078411102295,0.4260066747665405,0.15135138184021457,1,138.2201163809557,3,0
frame_002905.jpg,2905,9,9,81.18652883547395,144.9266194058642,0.10292293595679013,0.0,0.7061256766319275,0.36349424719810486,0.417713463306427,0.9072428345680237,0.22127455472946167,0.5085731744766235,0.1406411126891527,1,134.36508209097323,3,1
frame_002914.jpg,2914,8,8,89.93902038260507,142.77433786651235,0.13292148919753086,0.0,0.7576389312744141,0.40726718306541443,0.39066407084465027,0.9688721299171448,0.29440829157829285,0.4919299781322479,0.114208631007088,1,123.09822437225824,3,1
frame_002920.jpg,2920,10,9,85.10842059150143,143.01586805555556,0.14205198688271606,0.0,0.7064403891563416,0.463049054145813,0.3762151896953583,0.9567672610282898,0.3250010013580322,0.6113603711128235,0.1662465252567369,1,134.97366413315282,3,1
frame_002926.jpg,2926,9,10,96.38469851599427,142.43039544753086,0.14325761959876543,0.0,0.8015604019165039,0.4601346254348755,0.6459821462631226,0.9461427330970764,0.23755024373531342,0.6653925180435181,0.12842138812872417,1,146.708726110993,4,1
frame_002931.jpg,2931,12,13,86.26569517170795,141.90417824074075,0.14961275077160494,5.304783950617284e-06,0.6770725846290588,0.46071505546569824,0.3336499035358429,0.9253585934638977,0.2516686022281647,0.7127895951271057,0.27284929860655627,1,185.4565023693491,3,1
frame_002955.jpg,2955,8,9,92.18358456527204,137.3925183256173,0.14943528163580247,0.0,0.7269037365913391,0.6387233734130859,0.48015108704566956,0.8923973441123962,0.4141964912414551,0.8565461039543152,0.18235697215579272,1,139.38396133463505,3,1
frame_002973.jpg,2973,8,8,86.28039026161244,134.10896074459876,0.14865644290123456,4.822530864197531e-07,0.6166257262229919,0.5224481821060181,0.34886500239372253,0.8527921438217163,0.22331646084785461,0.8308594226837158,0.30615738805264225,1,138.890289645947,3,1
frame_003045.jpg,3045,8,8,86.46643849636591,147.4111255787037,0.13383005401234568,0.0,0.5829983353614807,0.4308320879936218,0.2779248058795929,0.8431994318962097,0.37085261940956116,0.5649930238723755,0.1097426445274321,1,120.82447829969159,2,1
frame_003052.jpg,3052,12,14,73.49754338705618,148.14302469135802,0.14803915895061728,0.0,0.5544964075088501,0.42313045263290405,0.2474820464849472,0.8740299344062805,0.2538623809814453,0.6746824383735657,0.2636639181539673,1,188.3112476138631,2,1
frame_003060.jpg,3060,8,8,81.57741813305,146.05181905864197,0.13927854938271605,0.0,0.5955222845077515,0.35291025042533875,0.3022215664386749,0.8436088562011719,0.21421901881694794,0.4420226216316223,0.12332997512596888,1,119.19385164085027,2,1
frame_003066.jpg,3066,9,9,72.28811148138524,146.57432243441357,0.14604600694444445,0.0,0.6150734424591064,0.39285925030708313,0.3022940754890442,0.8431512117385864,0.22063814103603363,0.6148257255554199,0.21319916810827966,1,132.85937185707613,3,1
frame_003076.jpg,3076,9,10,73.53766637721226,153.16996624228395,0.1479320987654321,0.0,0.6217010021209717,0.5606793165206909,0.3041238784790039,0.838036835193634,0.42656034231185913,0.8085910081863403,0.2039711223727032,1,142.3727355493332,3,1
frame_003086.jpg,3086,9,10,70.46025359219011,153.06852864583334,0.14817563657407407,0.0,0.6217156648635864,0.5655779838562012,0.30423858761787415,0.8380700945854187,0.4311555325984955,0.8141725063323975,0.20446652828251732,1,140.85921596693936,3,1
frame_003092.jpg,3092,9,11,108.57927583321478,150.32772762345678,0.1385590277777778,0.0,0.6086046695709229,0.596002459526062,0.3042052388191223,0.8379236459732056,0.4340800642967224,0.8466494083404541,0.22019585314362544,1,172.45332045319213,3,1
frame_003098.jpg,3098,9,11,78.71932193854038,148.25676649305555,0.12772907021604937,0.0,0.6085797548294067,0.5960016846656799,0.3041906952857971,0.8379072546958923,0.4341380000114441,0.8466599583625793,0.2201698002922825,1,158.6037339768935,3,1
frame_003107.jpg,3107,9,10,112.86981217030318,147.65033613040123,0.12398099922839506,0.0,0.6216287612915039,0.5689783096313477,0.3042416274547577,0.8379433751106262,0.4342997670173645,0.8176546692848206,0.20459718131258597,1,164.4965242935707,3,1
frame_003116.jpg,3116,10,12,79.13223798735818,144.34910638503086,0.10869502314814815,0.0,0.622496485710144,0.6176052689552307,0.30424246191978455,0.8379055261611938,0.43749117851257324,0.8493831753730774,0.21981154518108958,1,170.67777119697323,3,1
frame_003121.jpg,3121,9,11,90.5746373869531,143.04410976080246,0.10511043595679012,0.0,0.6085266470909119,0.5986073017120361,0.3042565584182739,0.8379725813865662,0.4364531636238098,0.8492349982261658,0.22030827911752482,1,166.80710300955002,3,1
frame_003126.jpg,3126,10,12,76.98009873830327,140.76263937114197,0.10259886188271605,0.0,0.6161946058273315,0.6257795095443726,0.30051156878471375,0.8344013690948486,0.44094961881637573,0.865530788898468,0.22667955611057167,1,170.89811879193718,3,1
frame_003137.jpg,3137,10,10,105.99002569765574,133.17775704089507,0.09641059027777778,9.645061728395062e-07,0.49291229248046875,0.460684597492218,0.15400947630405426,0.7730308771133423,0.29135507345199585,0.652903139591217,0.22380599036138982,1,165.73455285718907,2,1
frame_003150.jpg,3150,10,11,81.81229302141247,131.11000964506172,0.10100405092592593,0.00013406635802469137,0.5274417996406555,0.4715505838394165,0.20430299639701843,0.7832438349723816,0.22014854848384857,0.8067761063575745,0.33962265028683225,1,174.76800644679687,2,1
frame_003155.jpg,3155,11,14,84.7297731476123,132.69874855324073,0.10308449074074075,1.9290123456790124e-06,0.573470413684845,0.5517503023147583,0.3313542604446411,0.8075345754623413,0.21265295147895813,0.8687373399734497,0.3124144707915022,1,203.2978845788823,2,1
frame_003161.jpg,3161,11,12,72.72048296214892,133.94986738040123,0.10801408179012345,4.822530864197531e-07,0.5458170771598816,0.4271096885204315,0.14226044714450836,0.8383322954177856,0.20953814685344696,0.7801793813705444,0.3972072988112607,1,185.27956318318817,2,1
frame_003167.jpg,3167,12,13,119.62182428260016,133.73665702160494,0.11301167052469135,2.025462962962963e-05,0.5568863749504089,0.4842577278614044,0.14577828347682953,0.8449618816375732,0.22980442643165588,0.9078454375267029,0.4740751538379837,1,225.91726047262932,2,1
frame_003173.jpg,3173,12,13,87.53202496388103,134.00576244212962,0.11183738425925926,3.858024691358025e-06,0.5800268650054932,0.508421003818512,0.16252782940864563,0.8576919436454773,0.24277804791927338,0.9166029095649719,0.4684188630966877,1,209.42416036568335,2,1
frame_003179.jpg,3179,11,13,72.68462422557982,135.53022569444445,0.10686005015432098,0.0,0.6114338636398315,0.5187593102455139,0.18771062791347504,0.856048583984375,0.21406839787960052,0.7955246567726135,0.38860928761318836,1,194.51723585867663,3,1
frame_003188.jpg,3188,9,10,90.09461607775881,135.04887008101852,0.11283468364197531,0.0,0.5382635593414307,0.38577383756637573,0.21023130416870117,0.8797361254692078,0.2230692058801651,0.5059547424316406,0.18939323059739355,1,152.70316273442126,2,1
frame_003197.jpg,3197,10,12,110.04050047486207,133.9748538773148,0.12310378086419753,0.0,0.5950863361358643,0.5497095584869385,0.20058083534240723,0.8759230971336365,0.17357274889945984,0.8491877317428589,0.45627135061350366,1,208.33700721236167,2,1
frame_003203.jpg,3203,8,8,89.18507185352165,130.54334876543209,0.1176244212962963,0.0,0.5993494391441345,0.5357968807220459,0.2037172168493271,0.8753110766410828,0.2533203065395355,0.7619088292121887,0.341564928987514,1,146.9865866958826,2,1
frame_003208.jpg,3208,8,8,82.97066982646048,130.42594280478394,0.11806182484567901,4.822530864197531e-07,0.684326708316803,0.5410507917404175,0.3073090612888336,0.8874935507774353,0.27497828006744385,0.7623702883720398,0.2827772835190263,1,137.95688078056497,3,1
frame_003213.jpg,3213,10,12,93.23883210398775,133.11104793595678,0.11433641975308642,0.0,0.5863041281700134,0.5247324109077454,0.19053511321544647,0.86717689037323,0.17160063982009888,0.807664692401886,0.4303875109251223,1,198.22452516919748,2,1
frame_003219.jpg,3219,9,10,73.89008666550868,135.14325231481482,0.10724054783950618,0.0,0.5987228751182556,0.4111199378967285,0.19792398810386658,0.8688754439353943,0.21905215084552765,0.6354796290397644,0.2794026227426749,1,154.1612508230712,2,1
frame_003227.jpg,3227,11,13,129.88934104969434,134.0816049382716,0.11311390817901235,0.0,0.5901813507080078,0.49701255559921265,0.19828541576862335,0.8649261593818665,0.2939167022705078,0.8521719574928284,0.3721556984674086,1,220.8488495536868,2,1
frame_003232.jpg,3232,10,11,82.62164785809277,134.47815634645062,0.11221836419753087,0.0,0.5931448340415955,0.40418142080307007,0.1972074955701828,0.8656575679779053,0.2565861940383911,0.6842206716537476,0.2858522975260236,1,168.67421726189568,2,1
frame_003237.jpg,3237,8,8,74.94597209209947,134.9082990933642,0.10928481867283951,0.0,0.5877372026443481,0.35265401005744934,0.19581440091133118,0.8671400547027588,0.21674403548240662,0.47797146439552307,0.17536867450335158,1,124.08137162910094,2,1
frame_003341.jpg,3341,9,9,96.23700070944415,136.31751639660493,0.11342689043209876,0.0,0.5770952105522156,0.49318745732307434,0.22888824343681335,0.8272843956947327,0.41481658816337585,0.6157296895980835,0.1202256268367341,1,138.7983739951856,2,1
frame_003376.jpg,3376,9,9,101.04198725645381,136.26634500385802,0.11341097608024692,0.0,0.5771074891090393,0.49322420358657837,0.22891707718372345,0.8272446990013123,0.4148971438407898,0.6155409216880798,0.12005071443186566,1,141.1849674633888,2,1
frame_003479.jpg,3479,11,13,91.77772936339109,135.3978337191358,0.11021604938271605,0.0,0.6380122900009155,0.47401273250579834,0.2873902916908264,0.9437624216079712,0.20924681425094604,0.7284726500511169,0.34080536775216785,1,198.94779651864073,3,1
frame_003486.jpg,3486,11,13,76.17203845706935,137.46028115354937,0.11426745756172839,0.0,0.5858553647994995,0.5200883150100708,0.3079942464828491,0.9430748224258423,0.29034942388534546,0.7461973428726196,0.28950015893285297,1,185.60928936564713,2,1
frame_003497.jpg,3497,9,9,124.13252916374933,124.51981336805555,0.10766541280864197,0.0001707175925925926,0.5014843344688416,0.5179805159568787,0.1706284135580063,0.8092917203903198,0.2143690288066864,0.8753601908683777,0.4221508013492534,1,183.5148034359358,2,1
frame_004301.jpg,4301,8,9,75.4492908780703,122.44893614969136,0.11409625771604938,5.304783950617284e-06,0.474003404378891,0.34833112359046936,0.34275496006011963,0.6026046276092529,0.1323234736919403,0.5832826495170593,0.11718159191638833,1,128.03317885906907,2,1
frame_004323.jpg,4323,9,10,73.28720903923663,120.93983410493827,0.0967356288580247,4.340277777777778e-06,0.44485151767730713,0.47399675846099854,0.31309273838996887,0.6092954277992249,0.22713075578212738,0.7629153728485107,0.1587008445191711,1,142.84012608573295,2,1
frame_004517.jpg,4517,9,8,92.40747446617263,144.7983844521605,0.12983940972222222,4.822530864197531e-07,0.5624685883522034,0.2672249674797058,0.2827816307544708,0.7516210079193115,0.17815542221069336,0.5398211479187012,0.1695631335828125,1,130.17610961914534,2,0
frame_004547.jpg,4547,10,10,103.54641843312699,145.35425733024692,0.13989535108024692,4.822530864197531e-07,0.5301902890205383,0.3005533218383789,0.28372880816459656,0.7511889934539795,0.18506021797657013,0.5879672169685364,0.18834298040317377,1,156.61797214885618,2,0
frame_004564.jpg,4564,8,8,92.2801456024656,134.47609664351853,0.11806664737654321,1.9290123456790124e-06,0.590454638004303,0.6842362284660339,0.29047638177871704,0.7271548509597778,0.4676368832588196,0.8822962641716003,0.18107282368855948,1,132.44069043243442,2,2
frame_004577.jpg,4577,10,10,123.05730880021089,144.67740162037038,0.13875096450617283,4.822530864197531e-07,0.5303837060928345,0.3074286878108978,0.28420984745025635,0.7509878873825073,0.19551017880439758,0.5860466957092285,0.18229386988280538,1,165.88294493776868,2,0
frame_004583.jpg,4583,11,10,82.99744935990739,144.41683111496914,0.14053047839506172,0.0,0.5303943157196045,0.32216891646385193,0.28481775522232056,0.7506104111671448,0.2095712423324585,0.6014298796653748,0.18252487543821871,1,145.69816438426938,2,0
frame_004607.jpg,4607,10,10,119.93130311932138,144.6219854359568,0.1416430362654321,4.822530864197531e-07,0.5298808813095093,0.33191803097724915,0.28480780124664307,0.7498129606246948,0.21767793595790863,0.6111506223678589,0.1829668292549691,1,164.0980308586144,2,0
frame_004613.jpg,4613,11,13,92.48059193970316,144.66737220293209,0.14199893904320987,0.0,0.546682596206665,0.36939647793769836,0.28486764430999756,0.7497108578681946,0.21983736753463745,0.6135321855545044,0.18300636436956452,1,180.34103850248707,2,1
frame_004619.jpg,4619,9,8,88.43828982800142,144.66510175540122,0.14229359567901234,0.0,0.5106939077377319,0.3556320369243622,0.2849524915218353,0.7496625781059265,0.2213573306798935,0.6153584122657776,0.18309627673800177,1,128.29941301989965,2,1
frame_004624.jpg,4624,9,8,95.77730855750566,144.5763671875,0.14221354166666667,0.0,0.5566524863243103,0.4081345498561859,0.28501269221305847,0.7498264312744141,0.22174353897571564,0.6155917644500732,0.183066066305416,1,131.97390674262778,2,1
frame_004629.jpg,4629,10,10,83.07357396571574,144.59582561728396,0.14228925540123458,4.822530864197531e-07,0.5298696756362915,0.3367459774017334,0.28506332635879517,0.7498489022254944,0.22194598615169525,0.6160067319869995,0.1831537506795229,1,145.6232365106867,2,1
frame_004634.jpg,4634,10,8,86.69708540311353,144.5518258101852,0.1421923225308642,0.0,0.5659579038619995,0.4040372967720032,0.2849765419960022,0.7496674060821533,0.22195903956890106,0.7382423281669617,0.23991212749187252,1,133.12052319765758,2,1
frame_004643.jpg,4643,10,10,99.25654333481211,144.68956838348765,0.14223910108024693,4.822530864197531e-07,0.529801607131958,0.3363068401813507,0.2850332260131836,0.7496737837791443,0.22146199643611908,0.6156955361366272,0.1831768917764931,1,153.72205073703068,2,1
frame_004651.jpg,4651,10,8,94.06743531092798,144.80787712191358,0.14206645447530863,0.0,0.5616820454597473,0.3219164311885834,0.2849941551685333,0.749638557434082,0.2212480902671814,0.6156126856803894,0.18323930171046499,1,131.15100237897963,2,0
frame_004659.jpg,4659,9,9,80.19846756133451,144.79179205246913,0.14203944830246915,0.0,0.5101185441017151,0.30544379353523254,0.28491005301475525,0.7495316863059998,0.22152309119701385,0.4713720679283142,0.11608523964504291,1,127.50381291492462,2,0
frame_004665.jpg,4665,9,9,98.42756847663371,144.79467303240742,0.14220871913580246,0.0,0.5100842118263245,0.30538856983184814,0.2848823368549347,0.7495257258415222,0.22161030769348145,0.47112682461738586,0.11593620003165217,1,136.58653232790184,2,0
frame_004679.jpg,4679,9,8,85.09277202869214,145.1156929976852,0.14225212191358025,0.0,0.5103594660758972,0.35662946105003357,0.28493502736091614,0.7494029998779297,0.2219620645046234,0.616705596446991,0.18334572794547643,1,126.6557466175357,2,1
frame_004685.jpg,4685,9,8,102.05213350318988,144.96436631944445,0.14223910108024693,4.822530864197531e-07,0.510395348072052,0.35716384649276733,0.28481635451316833,0.7494478225708008,0.22252948582172394,0.6170257329940796,0.18329537046691824,1,135.1316936902621,2,1
frame_004690.jpg,4690,10,9,85.24345549199168,144.74864824459877,0.14216531635802468,0.0,0.5294294953346252,0.39955222606658936,0.2847873866558075,0.7495476007461548,0.22246043384075165,0.7389686703681946,0.2400524785879221,1,142.4104439689856,2,1
frame_004695.jpg,4695,9,9,99.09304425191137,144.99675347222222,0.1422993827160494,0.0,0.5100777745246887,0.3066241443157196,0.28495025634765625,0.7494567036628723,0.22225238382816315,0.47267061471939087,0.11632088277424568,1,136.9486721317753,2,0
frame_004700.jpg,4700,10,10,103.88246465378748,144.7459837962963,0.1421802662037037,0.0,0.5295551419258118,0.33776921033859253,0.28488314151763916,0.7495049238204956,0.2225113958120346,0.6171900033950806,0.1833762780920445,1,156.06083351572778,2,1
frame_004705.jpg,4705,10,10,91.11482321149201,145.02276861496912,0.14244936342592593,0.0,0.5296010971069336,0.33776775002479553,0.2849799394607544,0.7495334148406982,0.2225591391324997,0.6172847151756287,0.18337113817218587,1,149.649589080372,2,1
frame_004710.jpg,4710,9,9,107.13053878107382,145.04281876929014,0.14249758873456791,0.0,0.5101791620254517,0.30700546503067017,0.28491145372390747,0.7495424747467041,0.22269831597805023,0.4727003276348114,0.11615868993383405,1,140.93137951046353,2,0
frame_004723.jpg,4723,9,8,89.97188061565764,145.1731563464506,0.14267698688271604,0.0,0.5616312623023987,0.324228972196579,0.2850644290447235,0.7496252059936523,0.22295428812503815,0.6179454326629639,0.18349739299448542,1,129.06798091900578,2,0
frame_004728.jpg,4728,9,9,86.23299691458472,145.08551263503085,0.14250096450617283,0.0,0.5101642608642578,0.3071918487548828,0.28500688076019287,0.7495707273483276,0.22300146520137787,0.473114013671875,0.11619324759741545,1,130.4857267664166,2,0
frame_004733.jpg,4733,9,8,92.22473246649993,145.05268711419754,0.14245322145061728,0.0,0.5614948868751526,0.32412251830101013,0.2850102484226227,0.7494718432426453,0.22304320335388184,0.6178596615791321,0.18337708184849255,1,130.20475227303749,2,0
frame_004739.jpg,4739,10,10,87.80878122104994,144.80975694444444,0.14237943672839506,0.0,0.5295318961143494,0.3383893370628357,0.28490713238716125,0.7494181394577026,0.22307032346725464,0.6179842948913574,0.18344188657243699,1,148.01063559492917,2,1
frame_004745.jpg,4745,9,8,92.86901853126115,144.77631269290123,0.14232687114197531,0.0,0.561566174030304,0.3243944048881531,0.2850154638290405,0.7495028972625732,0.22322487831115723,0.6181262731552124,0.1834267353504373,1,130.54449568647675,2,0
frame_004757.jpg,4757,9,9,122.89474994549514,145.0028978587963,0.1423996913580247,0.0,0.5100213289260864,0.3076833486557007,0.2850225269794464,0.7494280338287354,0.2233758121728897,0.4737881124019623,0.11629285120917876,1,148.83669095786297,2,0
frame_004762.jpg,4762,12,10,84.33137871699333,145.050362654321,0.1424652777777778,0.0,0.5294577479362488,0.3390845060348511,0.28492873907089233,0.7493903040885925,0.2235790491104126,0.6186276078224182,0.18348487183736495,1,146.26764876445537,2,1
frame_004767.jpg,4767,11,8,81.52644480206989,144.8889592978395,0.14238184799382717,4.822530864197531e-07,0.5614723563194275,0.3250444829463959,0.28494682908058167,0.7494216561317444,0.22381341457366943,0.6187406182289124,0.18343374461556827,1,124.86841206320905,2,0
frame_004775.jpg,4775,10,9,95.84718629059759,144.8250564236111,0.1425245949074074,0.0,0.48545750975608826,0.3612634241580963,0.2849515378475189,0.7494271993637085,0.2241271734237671,0.6192590594291687,0.18352914413849852,1,142.02404806840792,2,1
frame_004780.jpg,4780,12,11,83.97776216480061,144.93287133487655,0.14264081790123456,0.0,0.5073735117912292,0.34335848689079285,0.284963458776474,0.7493944764137268,0.2242809385061264,0.6194498538970947,0.18352870151363687,1,156.07766944364056,2,1
frame_004785.jpg,4785,12,11,96.4489848510554,144.87034577546297,0.14259837962962962,0.0,0.5074467062950134,0.34344491362571716,0.285024493932724,0.7494271397590637,0.22445303201675415,0.6192886233329773,0.1833626932736614,1,162.30092378993086,2,1
frame_004796.jpg,4796,12,9,91.46485969579295,145.17544945987655,0.1427396797839506,0.0,0.5759423971176147,0.4554813504219055,0.28502708673477173,0.7494350671768188,0.22507987916469574,0.837282121181488,0.2843116068371119,1,149.8896225532126,2,1
frame_004808.jpg,4808,11,10,97.23889905040424,144.4659972993827,0.14245659722222223,0.0,0.5295217037200928,0.3411838710308075,0.28495967388153076,0.7493825554847717,0.2254607081413269,0.6207018494606018,0.18355902977965144,1,152.72969278094504,2,1
frame_004821.jpg,4821,9,9,76.85847127985072,144.38605902777778,0.14254099151234567,0.0,0.5103728175163269,0.31413036584854126,0.2854250371456146,0.749541699886322,0.22939594089984894,0.47988519072532654,0.11625623468142399,1,125.8007599568332,2,0
frame_005149.jpg,5149,10,8,106.31195359996696,133.74859182098766,0.10427179783950617,4.72608024691358e-05,0.8097150325775146,0.3123300075531006,0.676551878452301,0.9326915740966797,0.14761340618133545,0.4845084249973297,0.086292187583636,1,131.35801577439648,4,0
frame_005157.jpg,5157,8,8,99.25872395415733,132.783454378858,0.11618200231481482,3.0381944444444444e-05,0.8125453591346741,0.32177719473838806,0.6748061776161194,0.9364268779754639,0.18269728124141693,0.46899861097335815,0.07490235439828208,1,125.5013971854254,4,0
frame_005529.jpg,5529,15,15,121.22739527472142,148.67485773533951,0.14410252700617285,3.375771604938272e-06,0.7729489803314209,0.4208236634731293,0.6254553198814392,0.9010892510414124,0.14224335551261902,0.8544464707374573,0.1963073444338015,1,215.83417938012357,3,1
frame_005537.jpg,5537,10,12,156.91367398275833,149.59650752314815,0.10005931712962964,9.162808641975309e-06,0.8879648447036743,0.5243066549301147,0.7621323466300964,0.9533730745315552,0.22606074810028076,0.7671507000923157,0.10347843627912212,1,198.79874890632843,4,1
frame_005586.jpg,5586,9,8,103.17562726575203,143.8432634066358,0.06702208719135802,5.787037037037037e-06,0.8886677026748657,0.5841495990753174,0.8168706297874451,0.9357779026031494,0.388775110244751,0.7815982103347778,0.04670952353071556,1,129.55655726681178,4,1
frame_005592.jpg,5592,11,11,113.63368516830423,142.46948688271604,0.08309220679012345,2.4112654320987654e-06,0.8589349985122681,0.5540413856506348,0.7599122524261475,0.9665300250053406,0.2906418442726135,0.78583163022995,0.10231501057847225,1,168.73912296298698,4,1
frame_005598.jpg,5598,13,14,131.72583086699578,144.38395302854937,0.10102864583333333,2.0736882716049384e-05,0.8689292073249817,0.5709062218666077,0.7636457085609436,0.948438286781311,0.38971981406211853,0.7831364870071411,0.0727004813083898,1,203.03009898100353,4,1
frame_006101.jpg,6101,9,8,104.76693452408169,136.23848861882715,0.0643161651234568,2.218364197530864e-05,0.8248401880264282,0.7227411270141602,0.5789720416069031,0.9247511029243469,0.5858709812164307,0.8685318231582642,0.09773820059784555,1,135.72567080947974,4,2
frame_006107.jpg,6107,8,8,165.7750641751513,131.74956500771606,0.06915557484567901,0.00011766975308641975,0.7929784059524536,0.6143817901611328,0.6101157069206238,0.9149233102798462,0.5243144035339355,0.7264430522918701,0.061610348998144104,1,162.13300950282218,3,1
frame_006121.jpg,6121,8,8,115.04565532828542,121.86678530092593,0.06126494984567901,0.0049710648148148144,0.8304247260093689,0.30695733428001404,0.6586456298828125,0.9351047873497009,0.14425313472747803,0.470078706741333,0.09007746312011733,1,140.40407899158654,4,0
frame_006432.jpg,6432,8,9,105.40434915145201,153.87060956790123,0.09049623842592593,1.4949845679012346e-05,0.8455261588096619,0.720698356628418,0.6991278529167175,0.9351481795310974,0.5735601186752319,0.8705231547355652,0.07008931276335773,1,140.6614820094692,4,2
frame_006588.jpg,6588,10,10,139.12505551828676,131.8180893132716,0.07402874228395062,0.0001890432098765432,0.8225549459457397,0.47220951318740845,0.665023684501648,0.9336111545562744,0.26289108395576477,0.6208513379096985,0.09614363898959866,1,171.7740174297082,4,1
frame_006598.jpg,6598,8,8,145.32233116549943,129.89246913580246,0.06445698302469136,0.00043016975308641977,0.8173980712890625,0.3896809220314026,0.6630760431289673,0.95818030834198,0.17781873047351837,0.5303186774253845,0.10402423783285641,1,156.61789106356625,4,1
frame_006621.jpg,6621,8,8,105.10927299268829,136.67578269675926,0.0826904899691358,0.00021701388888888888,0.7634169459342957,0.39075735211372375,0.5444032549858093,0.9532133936882019,0.28447824716567993,0.4546661972999573,0.06957455949986979,1,131.24304344941754,3,1
frame_006773.jpg,6773,9,8,85.93547063233501,149.51749083719136,0.07618730709876544,8.198302469135803e-06,0.7864933609962463,0.4776763319969177,0.7355621457099915,0.8557537794113159,0.15192456543445587,0.6481394171714783,0.05964087369713322,1,121.31309197600429,3,1
frame_006874.jpg,6874,11,10,86.56837523190546,142.7516618441358,0.07512635030864198,0.00020013503086419753,0.7639698386192322,0.32442137598991394,0.6567010879516602,0.9018312096595764,0.11281827092170715,0.5886068344116211,0.11663010847551725,1,147.43456343264026,3,0
frame_006882.jpg,6882,10,9,117.28006551496345,141.22934895833333,0.0666184413580247,0.00015625,0.7960455417633057,0.45809435844421387,0.7313633561134338,0.8937940001487732,0.19550181925296783,0.8466111421585083,0.10576010665696067,1,152.5541992873753,3,1
frame_006891.jpg,6891,14,13,109.36278104000758,139.21090856481482,0.07054301697530864,9.693287037037037e-05,0.7941424250602722,0.5548350214958191,0.6448239088058472,0.8937581777572632,0.16943083703517914,0.8219389319419861,0.16243162559050717,1,193.87025138152364,3,1
frame_006897.jpg,6897,14,13,90.47435249022297,137.83212866512346,0.06790123456790123,7.716049382716049e-05,0.7612074613571167,0.6120237112045288,0.6048265099525452,0.899833083152771,0.2371124029159546,0.8464809060096741,0.1797677139138294,1,186.4238241797043,3,1
frame_007070.jpg,7070,9,11,107.60673110385588,139.15341772762346,0.11489438657407407,0.0028018904320987656,0.7952642440795898,0.5451803207397461,0.7074338793754578,0.8590258955955505,0.24262186884880066,0.7942938208580017,0.08362906349714905,1,160.6768332442354,3,1
frame_007075.jpg,7075,9,8,99.08485512388671,130.7577237654321,0.10000289351851852,0.004239969135802469,0.841495931148529,0.6755167841911316,0.7059658765792847,0.9299679398536682,0.44162800908088684,0.8445477485656738,0.09025485297856939,1,128.56762350794844,4,2
frame_007080.jpg,7080,11,12,108.3835285942402,127.44380208333334,0.0973611111111111,0.0033579282407407408,0.7846057415008545,0.5767572522163391,0.6793645620346069,0.9095080494880676,0.3067745864391327,0.8742547631263733,0.13060186692350761,1,177.51583987835974,3,1
frame_007085.jpg,7085,10,12,101.55187837165771,135.81563126929012,0.09692660108024691,0.0017365933641975309,0.8359466791152954,0.497384250164032,0.7312714457511902,0.9234834909439087,0.15944278240203857,0.8528338670730591,0.1332781185030143,1,174.4110909281056,4,1
frame_007092.jpg,7092,9,10,91.8955103184018,140.57838638117283,0.09659625771604938,0.0,0.7931913733482361,0.4354640543460846,0.6717633605003357,0.9244989156723022,0.19355466961860657,0.806573748588562,0.1549317172544793,1,151.7813011130439,3,1
frame_007097.jpg,7097,9,11,159.79585618604193,146.44067563657407,0.10426311728395062,9.645061728395062e-07,0.7964416742324829,0.4061460494995117,0.6439072489738464,0.924217939376831,0.1508951634168625,0.6684228777885437,0.1450685509182046,1,193.97847145644636,3,1
frame_007102.jpg,7102,9,11,115.99080892833517,146.89464409722223,0.11283757716049382,3.375771604938272e-06,0.7597255706787109,0.3714611530303955,0.5870700478553772,0.8928462266921997,0.1351144015789032,0.6154011487960815,0.1468602463100357,1,171.39767137912176,3,1
frame_007107.jpg,7107,10,10,106.41801004208328,147.6680753279321,0.11679398148148148,2.8935185185185184e-06,0.802000880241394,0.3317626416683197,0.5788589119911194,0.9445304274559021,0.18583758175373077,0.5188278555870056,0.12176505806764659,1,153.70611267965813,4,0
frame_007112.jpg,7112,12,11,153.4084219271315,148.5538421103395,0.1344285300925926,3.375771604938272e-06,0.7886899709701538,0.43201306462287903,0.4445182979106903,0.9144346714019775,0.21674643456935883,0.7478479146957397,0.24957328149684388,1,198.21868610399085,3,1
frame_007122.jpg,7122,15,20,75.39046054596496,147.84683015046295,0.14857687114197532,9.645061728395062e-07,0.6595856547355652,0.4995794892311096,0.4271186888217926,0.8285642266273499,0.1633700281381607,0.8545766472816467,0.27748181295681773,1,250.58572445446674,3,1
frame_007141.jpg,7141,11,9,75.13448765837116,143.86054398148147,0.12834924768518519,7.2337962962962966e-06,0.7299695611000061,0.4879060983657837,0.6338884234428406,0.8203877806663513,0.30058997869491577,0.6702997088432312,0.06895062703193844,1,121.6273817638609,3,1
frame_007228.jpg,7228,12,14,71.55374660801932,149.92729745370372,0.14986448688271606,9.645061728395062e-07,0.763755738735199,0.5019401907920837,0.6088316440582275,0.8844659924507141,0.23212508857250214,0.810465931892395,0.15941060149723985,1,176.73148476546206,3,1
frame_007247.jpg,7247,12,12,148.83985965664712,138.03898726851853,0.1393846450617284,4.340277777777778e-06,0.6895917654037476,0.30831804871559143,0.38890960812568665,0.8795170187950134,0.12403658777475357,0.5965604186058044,0.23182369312357287,1,203.66383463450802,3,0
frame_007254.jpg,7254,12,14,82.82320116910279,131.7664665316358,0.11001543209876544,6.751543209876544e-06,0.6383505463600159,0.36481955647468567,0.3790421783924103,0.8407581448554993,0.1314648687839508,0.5520206093788147,0.19417730022035773,1,189.82778739671062,3,1
frame_007278.jpg,7278,11,12,77.21111536626317,138.39966820987655,0.1162403549382716,2.4112654320987654e-06,0.5330523252487183,0.31714168190956116,0.23738087713718414,0.7062841653823853,0.18559175729751587,0.5099911093711853,0.1521119228919563,1,162.19271447850005,2,0
frame_007294.jpg,7294,10,9,77.19655232908124,149.84149353780865,0.12269965277777778,0.0,0.4995760917663574,0.40657564997673035,0.37276142835617065,0.565189778804779,0.12425138801336288,0.7204570174217224,0.11472686579522495,1,127.80099746628534,2,1
frame_007358.jpg,7358,10,8,72.38787633832463,144.82546055169752,0.10623505015432098,9.645061728395062e-07,0.39057067036628723,0.25853830575942993,0.20731303095817566,0.587151825428009,0.14089763164520264,0.500739574432373,0.13668192974796156,1,119.23862612852639,1,0
frame_007364.jpg,7364,11,11,71.4949362369425,142.68033516589506,0.11495707947530864,4.822530864197531e-07,0.47213512659072876,0.4005683362483978,0.2774799168109894,0.6782471537590027,0.17698872089385986,0.8170826435089111,0.25652867275364954,1,159.90462744630534,2,1
frame_007370.jpg,7370,13,12,97.03800533240931,140.75266203703703,0.1268894675925926,0.0,0.6108399033546448,0.4529494643211365,0.27748018503189087,0.7629735469818115,0.20078399777412415,0.8389949798583984,0.3098471953254549,1,186.81477543949086,3,1
frame_007378.jpg,7378,17,23,88.20183780241078,138.40581163194443,0.12839795524691358,5.787037037037037e-06,0.6372142434120178,0.4168459177017212,0.3797091245651245,0.8542516827583313,0.12812340259552002,0.8018896579742432,0.31973076245167675,1,293.2341996216817,3,1
frame_007386.jpg,7386,15,19,90.23590972554307,139.3546450617284,0.12724826388888888,2.4112654320987654e-06,0.6610077023506165,0.4966590702533722,0.3929229974746704,0.8521817922592163,0.13934855163097382,0.813090443611145,0.30942188930667314,1,253.33531740454995,3,1
frame_007391.jpg,7391,16,21,87.98428279009323,139.25020351080246,0.12965711805555555,5.304783950617284e-06,0.660614013671875,0.459888756275177,0.45458275079727173,0.8435704708099365,0.1642468273639679,0.8784117102622986,0.2778013695117334,1,268.8065665406644,3,1
frame_007400.jpg,7400,15,21,108.63924272623899,138.24381606867283,0.137641300154321,3.858024691358025e-06,0.6328209638595581,0.409956157207489,0.36771780252456665,0.8503401875495911,0.15106527507305145,0.7398557066917419,0.28416344238772595,1,278.97183558646,3,1
frame_007405.jpg,7405,16,22,82.36889858036538,138.35410445601852,0.1414896797839506,4.340277777777778e-06,0.6263120174407959,0.4472702443599701,0.3515978753566742,0.8657029867172241,0.170038640499115,0.7953373193740845,0.32146924693662093,1,279.1824060054497,3,1
frame_007411.jpg,7411,14,19,102.77159401492081,138.7259051890432,0.14896846064814814,0.0,0.6334118247032166,0.4182398021221161,0.3590344190597534,0.8909745812416077,0.16354016959667206,0.8222503066062927,0.35039437711172905,1,261.52838865381847,3,1
frame_007488.jpg,7488,13,17,92.08371754667228,138.3847800925926,0.14991801697530865,0.0,0.6091424822807312,0.38229912519454956,0.3311747908592224,0.8658338189125061,0.16299520432949066,0.6595270037651062,0.2654752092837942,1,227.5975780041847,3,1
frame_007494.jpg,7494,14,19,81.14054713979174,138.9010966435185,0.13728250385802468,2.4112654320987654e-06,0.5973091721534729,0.4209181070327759,0.34589746594429016,0.8393266201019287,0.1867654025554657,0.7822117209434509,0.2938105732284635,1,246.22308050693977,2,1
frame_007499.jpg,7499,12,15,84.4884521658373,140.43852816358026,0.12911072530864198,2.8935185185185184e-06,0.6474839448928833,0.5198057293891907,0.3963526487350464,0.7963619232177734,0.210089772939682,0.769932746887207,0.22394238183300175,1,201.72739173535462,3,1
frame_007505.jpg,7505,9,9,78.7984439489794,142.13478443287036,0.11825761959876543,9.645061728395062e-07,0.6202526688575745,0.4439372420310974,0.42407211661338806,0.7172611951828003,0.25011739134788513,0.765515923500061,0.15110922073772404,1,132.68438208838558,3,1
frame_009168.jpg,9168,7,8,110.59947577761054,115.57228587962963,0.06560474537037037,0.012974054783950617,0.564507246017456,0.23299647867679596,0.3879108726978302,0.7644875645637512,0.1064603328704834,0.36243894696235657,0.09639557968314083,1,138.37882132008232,2,0
frame_009180.jpg,9180,8,8,130.58909808619177,112.15466049382717,0.07400318287037037,0.029204764660493827,0.620474636554718,0.22822266817092896,0.41325968503952026,0.7772495746612549,0.09561213850975037,0.3773670196533203,0.10255592808783298,1,148.14982356484214,3,0
frame_009186.jpg,9186,8,8,90.61780755313245,114.2895809220679,0.08828269675925926,0.02173852237654321,0.6521015167236328,0.2608472406864166,0.447285920381546,0.8029682636260986,0.11944272369146347,0.43044328689575195,0.11061740907087692,1,127.542375007728,3,0
frame_009191.jpg,9191,8,9,120.24584594465131,110.8803867669753,0.09055941358024691,0.022438271604938272,0.6939350366592407,0.2508445382118225,0.4593144953250885,0.8530629873275757,0.11215296387672424,0.4273304045200348,0.12410064196650694,1,153.47704581095167,3,0
frame_009214.jpg,9214,11,12,117.08136997383629,114.23525318287037,0.11546055169753086,0.0021334876543209875,0.7062364816665649,0.3086530566215515,0.39623528718948364,0.9118052124977112,0.11943452805280685,0.6582319140434265,0.277787728051452,1,194.77340262231024,3,0
frame_009220.jpg,9220,10,10,116.22340629866811,119.47605372299383,0.12224440586419753,6.317515432098766e-05,0.675413191318512,0.3815334737300873,0.4051962196826935,0.9190529584884644,0.1983683854341507,0.7085954546928406,0.26218361785969657,1,172.10562434888396,3,1
frame_009227.jpg,9227,12,15,167.97614101007312,122.43900318287037,0.12872395833333333,9.645061728395062e-06,0.7514532804489136,0.3498243987560272,0.4195270836353302,0.9287998676300049,0.12416800111532211,0.6145918965339661,0.249759542557366,1,246.0916289274398,3,1
frame_009236.jpg,9236,14,18,131.88098765085945,126.82057966820987,0.130204475308642,5.787037037037037e-06,0.744031548500061,0.4081128239631653,0.4374614655971527,0.9318134188652039,0.13054214417934418,0.7834047079086304,0.32274388359516015,1,265.19443465408153,3,1
frame_009245.jpg,9245,17,23,154.41576099536945,128.31751977237656,0.12887393904320987,1.9772376543209878e-05,0.6877663731575012,0.4220685064792633,0.37610337138175964,0.9103809595108032,0.09633132070302963,0.8638506531715393,0.4100683777936889,1,335.3273243727326,3,1
frame_009251.jpg,9251,12,12,141.3821787858616,127.99894338348766,0.12082658179012346,6.028163580246913e-05,0.616776704788208,0.29976221919059753,0.37943822145462036,0.8314561247825623,0.09059333801269531,0.515544593334198,0.19208557544700255,1,197.8169887586187,3,0
frame_009258.jpg,9258,10,11,135.6422742938862,128.33466001157407,0.10952739197530864,7.233796296296296e-05,0.6813085675239563,0.3400157392024994,0.4477282762527466,0.9050646424293518,0.146736741065979,0.5804966688156128,0.19837418915004434,1,186.70581686441668,3,1
frame_009263.jpg,9263,10,10,148.70464857246296,129.90837528935185,0.10920138888888889,4.5814043209876546e-05,0.7042304277420044,0.3001977801322937,0.43667444586753845,0.896889328956604,0.16882897913455963,0.4708282947540283,0.1389845797307916,1,177.33064337042174,3,0
frame_009270.jpg,9270,11,10,154.84268858867796,134.57039834104938,0.11877170138888889,7.667824074074074e-05,0.5971992611885071,0.2928759753704071,0.35424602031707764,0.8683666586875916,0.13233602046966553,0.5311347246170044,0.20503064435756357,1,186.04723859120645,2,0
frame_009276.jpg,9276,10,8,125.8194891718963,137.83927758487656,0.12548948688271605,0.00017843364197530864,0.5725077390670776,0.2717776298522949,0.3430391848087311,0.8391329646110535,0.1450386792421341,0.44637322425842285,0.14949019342214376,1,145.30981523989092,2,0
frame_009281.jpg,9281,10,9,148.0893903837395,138.92662037037036,0.1263618827160494,0.0003423996913580247,0.5780681371688843,0.31428033113479614,0.3315700888633728,0.8302929997444153,0.1692633032798767,0.46585196256637573,0.14791555949366852,1,166.20006286963167,2,0
frame_009291.jpg,9291,8,8,120.86440440859487,139.8246947337963,0.12272087191358025,0.001004050925925926,0.528561532497406,0.3204837441444397,0.3048476278781891,0.8105743527412415,0.2300242930650711,0.45525822043418884,0.11390681641642653,1,139.55079665458206,2,0
frame_010495.jpg,10495,8,8,73.62085418057517,138.46278983410494,0.12895351080246914,0.0,0.5752493143081665,0.2847769558429718,0.31928926706314087,0.7939440608024597,0.17123118042945862,0.37331128120422363,0.09591828855206685,1,113.50690486524736,2,0
frame_010503.jpg,10503,11,10,88.28448842351095,133.88243682484568,0.1166820987654321,0.0,0.6538099050521851,0.32358846068382263,0.36176207661628723,0.8319826126098633,0.13396309316158295,0.6219521164894104,0.2294624601081927,1,155.42028034603152,3,0
frame_010511.jpg,10511,10,8,79.59609802321236,137.97916618441357,0.11661410108024692,9.645061728395062e-07,0.43417367339134216,0.3843922019004822,0.19837437570095062,0.7759115099906921,0.22904139757156372,0.665874183177948,0.2522871551629162,1,133.3653544198731,2,1
frame_010574.jpg,10574,9,10,72.13764579956423,131.16039737654322,0.07833429783950617,4.340277777777778e-06,0.6990747451782227,0.4551183581352234,0.49374616146087646,0.8826717138290405,0.06397916376590729,0.8197880387306213,0.29395338418041206,1,157.6307315338727,3,1
frame_010580.jpg,10580,9,11,95.84675393935258,128.5648832947531,0.08988136574074074,7.2337962962962966e-06,0.6849507093429565,0.4714047908782959,0.4837004840373993,0.8739300966262817,0.10089070349931717,0.7977311015129089,0.27192775855312656,1,176.12801625091487,3,1
frame_010588.jpg,10588,10,13,94.1053400174467,126.4412823109568,0.08976417824074075,1.9290123456790124e-06,0.6941490173339844,0.4236559271812439,0.4301716089248657,0.9256020188331604,0.1289459615945816,0.8273431658744812,0.34600721319519767,1,202.67697350416904,3,1
frame_010593.jpg,10593,8,9,118.65994798194363,126.62763551311728,0.0932421875,2.8935185185185184e-06,0.6798003911972046,0.5193239450454712,0.45636412501335144,0.9009037613868713,0.3123805820941925,0.74627685546875,0.19288409158975117,1,159.29416439994694,3,1
frame_010598.jpg,10598,10,11,124.56701030366628,127.4723861882716,0.07634548611111111,3.858024691358025e-06,0.6760814189910889,0.4307878613471985,0.4224224090576172,0.9011754393577576,0.17770281434059143,0.7477604746818542,0.27291683233418773,1,191.9406397741408,3,1
frame_010603.jpg,10603,8,9,120.10342693949094,128.2304224537037,0.06859375,6.751543209876544e-06,0.6783149242401123,0.4764457941055298,0.5230109095573425,0.8840916156768799,0.2691898047924042,0.6739106178283691,0.1461368769522995,1,157.8060261649754,3,1
frame_010620.jpg,10620,9,10,118.51407839824326,121.29463831018519,0.07002700617283951,0.0001871141975308642,0.7549513578414917,0.37699374556541443,0.5600554943084717,0.9489661455154419,0.19805128872394562,0.5417865514755249,0.1336823048795157,1,165.62256906978925,3,1
frame_010628.jpg,10628,10,12,103.10837961732679,123.38844376929012,0.08664351851851852,0.0010749421296296297,0.6862081289291382,0.40624862909317017,0.43649715185165405,0.8911136984825134,0.19230155646800995,0.6216200590133667,0.1951752950319019,1,182.40736746000175,3,1
frame_010634.jpg,10634,9,9,81.71150704008551,134.10467544367285,0.1470823688271605,0.0,0.620398223400116,0.36272647976875305,0.32490816712379456,0.852552056312561,0.2138664573431015,0.6022026538848877,0.20490322105608128,1,136.63783874293483,3,1
